case,baseline_dice,attention_dice,dice_diff,baseline_iou,attention_iou,iou_diff,baseline_precision,attention_precision,precision_diff,baseline_recall,attention_recall,recall_diff
612linjia,0.105911,0.523965,0.418054,0.055916,0.354982,0.299066,0.134136,0.753872,0.619736,0.087499,0.401516,0.314017
hufang,0.517050,0.738397,0.221347,0.348663,0.585285,0.236622,0.438268,0.772150,0.333882,0.630362,0.707471,0.077109
64wangshixia,0.677907,0.856086,0.178179,0.512752,0.748382,0.235630,0.544438,0.906140,0.361702,0.898068,0.811271,-0.086797
210wangjing,0.650907,0.816494,0.165587,0.482477,0.689894,0.207417,0.537318,0.807532,0.270214,0.825396,0.825657,0.000261
444sunying,0.603721,0.750846,0.147125,0.432378,0.601083,0.168705,0.463942,0.806816,0.342874,0.864045,0.702137,-0.161908
650chenchunxiu,0.673643,0.800734,0.127091,0.507890,0.667687,0.159797,0.526039,0.804762,0.278723,0.936391,0.796747,-0.139644
luxiaonan,0.577062,0.702276,0.125214,0.405543,0.541160,0.135617,0.409583,0.592297,0.182714,0.976256,0.862410,-0.113846
liuyaxin,0.623517,0.747061,0.123544,0.452978,0.596246,0.143268,0.559949,0.766342,0.206393,0.703367,0.728726,0.025359
152huangxianhua,0.720587,0.828521,0.107934,0.563217,0.707243,0.144026,0.620069,0.876009,0.255940,0.860000,0.785916,-0.074084
322lili,0.624737,0.711693,0.086956,0.454268,0.552424,0.098156,0.512427,0.833007,0.320580,0.800097,0.621221,-0.178876
683hejingjing,0.688025,0.769549,0.081524,0.524419,0.625421,0.101002,0.587381,0.860072,0.272691,0.830288,0.696267,-0.134021
zhangxiaoxiao_20220108,0.639287,0.719154,0.079867,0.469817,0.561468,0.091651,0.524460,0.674199,0.149739,0.818489,0.770533,-0.047956
662liuyan,0.652476,0.731378,0.078902,0.484204,0.576514,0.092310,0.555184,0.837321,0.282137,0.791114,0.649234,-0.141880
731fuyuli,0.739938,0.804782,0.064844,0.587224,0.673335,0.086111,0.609446,0.771290,0.161844,0.941537,0.841315,-0.100222
hejingmei_20230824,0.517820,0.582412,0.064592,0.349364,0.410847,0.061483,0.391620,0.513780,0.122160,0.764030,0.672208,-0.091822
jijuan,0.647433,0.710897,0.063464,0.478670,0.551467,0.072797,0.512421,0.732673,0.220252,0.879044,0.690378,-0.188666
huangyaping,0.729004,0.784097,0.055093,0.573569,0.644868,0.071299,0.673470,0.817816,0.144346,0.794519,0.753048,-0.041471
lipeiling,0.676621,0.730800,0.054179,0.511283,0.575795,0.064512,0.565765,0.698020,0.132255,0.841506,0.766810,-0.074696
jiangyazhe_20210929,0.704763,0.749070,0.044307,0.544119,0.598811,0.054692,0.595198,0.840626,0.245428,0.863768,0.675500,-0.188268
fufangnan,0.776656,0.819533,0.042877,0.634863,0.694245,0.059382,0.750383,0.884231,0.133848,0.804835,0.763658,-0.041177
380leiqiuqiang,0.706710,0.748619,0.041909,0.546444,0.598235,0.051791,0.608971,0.839447,0.230476,0.841821,0.675528,-0.166293
zhouyaqian_20221116,0.771846,0.808322,0.036476,0.628461,0.678306,0.049845,0.772966,0.882518,0.109552,0.770730,0.745634,-0.025096
315lijuan,0.752626,0.787168,0.034542,0.603368,0.649034,0.045666,0.789255,0.851068,0.061813,0.719246,0.732194,0.012948
jiangyi,0.793748,0.826561,0.032813,0.658029,0.704392,0.046363,0.831796,0.907890,0.076094,0.759030,0.758606,-0.000424
sunnuan,0.545757,0.569805,0.024048,0.375286,0.398410,0.023124,0.622197,0.826989,0.204792,0.486045,0.434637,-0.051408
tianjinxin,0.780873,0.796205,0.015332,0.640519,0.661413,0.020894,0.780379,0.886666,0.106287,0.781368,0.722494,-0.058874
192lilanmei,0.799173,0.813640,0.014467,0.665519,0.685829,0.020310,0.750296,0.809048,0.058752,0.854861,0.818285,-0.036576
zhangfengmei_20220315,0.781369,0.787163,0.005794,0.641185,0.649027,0.007842,0.761835,0.881330,0.119495,0.801930,0.711177,-0.090753
zhaokeying_20220512,0.685716,0.677680,-0.008036,0.521741,0.512493,-0.009248,0.606567,0.783583,0.177016,0.788622,0.596995,-0.191627
fujian,0.690537,0.668422,-0.022115,0.527344,0.501977,-0.025367,0.720693,0.752797,0.032104,0.662804,0.601055,-0.061749
qiaoli,0.667048,0.629516,-0.037532,0.500429,0.459339,-0.041090,0.609758,0.678258,0.068500,0.736220,0.587311,-0.148909
696hecong,0.719782,0.677313,-0.042469,0.562233,0.512074,-0.050159,0.634294,0.805291,0.170997,0.831903,0.584435,-0.247468
fuzhiyun,0.784583,0.727362,-0.057221,0.645526,0.571539,-0.073987,0.752940,0.833131,0.080191,0.819002,0.645423,-0.173579
190chenjinhua,0.073753,0.013207,-0.060546,0.038288,0.006647,-0.031641,0.054415,0.015357,-0.039058,0.114414,0.011585,-0.102829
zhouqing_20230126,0.705651,0.643627,-0.062024,0.545178,0.474521,-0.070657,0.621308,0.713494,0.092186,0.816489,0.586223,-0.230266
tangzhilan,0.626151,0.510669,-0.115482,0.455764,0.342885,-0.112879,0.553617,0.796160,0.242543,0.720558,0.375884,-0.344674
353wangshengbo,0.526500,0.360235,-0.166265,0.357312,0.219687,-0.137625,0.649451,0.771524,0.122073,0.442691,0.234973,-0.207718
735lijuan,0.552661,0.384664,-0.167997,0.381846,0.238133,-0.143713,0.427769,0.593796,0.166027,0.780553,0.284474,-0.496079
