case,image_path,mask_path,direction_max_diff,status,reason
147lixiugui,D:\2PlacentaMRcor\147lixiugui\147lixiugui_SE_cor.nii.gz,D:\2PlacentaMRcor\147lixiugui\147lixiugui_SE_cor_placenta_mask.nii.gz,0.0,valid,
152huangxianhua,D:\2PlacentaMRcor\152huangxianhua\152huangxianhua_SE_cor.nii.gz,D:\2PlacentaMRcor\152huangxianhua\152huangxianhua_SE_cor_placenta_mask.nii.gz,0.0,valid,
166zhouxiuyi,D:\2PlacentaMRcor\166zhouxiuyi\166zhouxiuyi_SE_cor.nii.gz,D:\2PlacentaMRcor\166zhouxiuyi\166zhouxiuyi_SE_cor_placenta_mask.nii.gz,0.0,valid,
182wangguoying,D:\2PlacentaMRcor\182wangguoying\182wangguoying_SE_cor.nii.gz,D:\2PlacentaMRcor\182wangguoying\182wangguoying_SE_cor_placenta_mask.nii.gz,2.092934338199237e-07,valid,
184wangyunchan,D:\2PlacentaMRcor\184wangyunchan\184wangyunchan_SE_cor.nii.gz,D:\2PlacentaMRcor\184wangyunchan\184wangyunchan_SE_cor_placenta_mask.nii.gz,6.5766711297065956e-06,valid,
188huangyanmei,D:\2PlacentaMRcor\188huangyanmei\188huangyanmei_SE_cor.nii.gz,D:\2PlacentaMRcor\188huangyanmei\188huangyanmei_SE_cor_placenta_mask.nii.gz,0.0,valid,
190chenjinhua,D:\2PlacentaMRcor\190chenjinhua\190chenjinhua_SE_cor.nii.gz,D:\2PlacentaMRcor\190chenjinhua\190chenjinhua_SE_cor_placenta_mask.nii.gz,4.888819166677614e-07,valid,
192lilanmei,D:\2PlacentaMRcor\192lilanmei\192lilanmei_SE_cor.nii.gz,D:\2PlacentaMRcor\192lilanmei\192lilanmei_SE_cor_placenta_mask.nii.gz,0.0,valid,
210wangjing,D:\2PlacentaMRcor\210wangjing\210wangjing_SE_cor.nii.gz,D:\2PlacentaMRcor\210wangjing\210wangjing_SE_cor_placenta_mask.nii.gz,6.576671148508106e-06,valid,
221wushuhong,D:\2PlacentaMRcor\221wushuhong\221wushuhong_SE_cor.nii.gz,D:\2PlacentaMRcor\221wushuhong\221wushuhong_SE_cor_placenta_mask.nii.gz,4.888818992249311e-07,valid,
226chenxiufang,D:\2PlacentaMRcor\226chenxiufang\226chenxiufang_SE_cor.nii.gz,D:\2PlacentaMRcor\226chenxiufang\226chenxiufang_SE_cor_placenta_mask.nii.gz,0.0,valid,
231fuqianyan,D:\2PlacentaMRcor\231fuqianyan\231fuqianyan_SE_cor.nii.gz,D:\2PlacentaMRcor\231fuqianyan\231fuqianyan_SE_cor_placenta_mask.nii.gz,0.0,valid,
232wangzhangzhen,D:\2PlacentaMRcor\232wangzhangzhen\232wangzhangzhen_SE_cor.nii.gz,D:\2PlacentaMRcor\232wangzhangzhen\232wangzhangzhen_SE_cor_placenta_mask.nii.gz,0.0,valid,
233chaiwenya,D:\2PlacentaMRcor\233chaiwenya\233chaiwenya_SE_cor.nii.gz,D:\2PlacentaMRcor\233chaiwenya\233chaiwenya_SE_cor_placenta_mask.nii.gz,0.0,valid,
236chenyanfen,D:\2PlacentaMRcor\236chenyanfen\236chenyanfen_SE_cor.nii.gz,D:\2PlacentaMRcor\236chenyanfen\236chenyanfen_SE_cor_placenta_mask.nii.gz,0.0,valid,
255chenying,D:\2PlacentaMRcor\255chenying\255chenying_SE_cor.nii.gz,D:\2PlacentaMRcor\255chenying\255chenying_SE_cor_placenta_mask.nii.gz,0.0,valid,
256heli,D:\2PlacentaMRcor\256heli\256heli_SE_cor.nii.gz,D:\2PlacentaMRcor\256heli\256heli_SE_cor_placenta_mask.nii.gz,4.888819166677614e-07,valid,
257heshunxiang,D:\2PlacentaMRcor\257heshunxiang\257heshunxiang_SE_cor.nii.gz,D:\2PlacentaMRcor\257heshunxiang\257heshunxiang_SE_cor_placenta_mask.nii.gz,0.0,valid,
272tangyingyu,D:\2PlacentaMRcor\272tangyingyu\272tangyingyu_SE_cor.nii.gz,D:\2PlacentaMRcor\272tangyingyu\272tangyingyu_SE_cor_placenta_mask.nii.gz,1.0587912244969968e-23,valid,
295chenmingzhen,D:\2PlacentaMRcor\295chenmingzhen\295chenmingzhen_SE_cor.nii.gz,D:\2PlacentaMRcor\295chenmingzhen\295chenmingzhen_SE_cor_placenta_mask.nii.gz,0.0,valid,
307fanghuan,D:\2PlacentaMRcor\307fanghuan\307fanghuan_SE_cor.nii.gz,D:\2PlacentaMRcor\307fanghuan\307fanghuan_SE_cor_placenta_mask.nii.gz,6.5766711297065956e-06,valid,
308lishasha,D:\2PlacentaMRcor\308lishasha\308lishasha_SE_cor.nii.gz,D:\2PlacentaMRcor\308lishasha\308lishasha_SE_cor_placenta_mask.nii.gz,0.0,valid,
315lijuan,D:\2PlacentaMRcor\315lijuan\315lijuan_SE_cor.nii.gz,D:\2PlacentaMRcor\315lijuan\315lijuan_SE_cor_placenta_mask.nii.gz,2.1792727267219376e-06,valid,
322lili,D:\2PlacentaMRcor\322lili\322lili_SE_cor.nii.gz,D:\2PlacentaMRcor\322lili\322lili_SE_cor_placenta_mask.nii.gz,1.9988212482965338e-06,valid,
331wanglirong,D:\2PlacentaMRcor\331wanglirong\331wanglirong_SE_cor.nii.gz,D:\2PlacentaMRcor\331wanglirong\331wanglirong_SE_cor_placenta_mask.nii.gz,0.0,valid,
339songfusu,D:\2PlacentaMRcor\339songfusu\339songfusu_SE_cor.nii.gz,D:\2PlacentaMRcor\339songfusu\339songfusu_SE_cor_placenta_mask.nii.gz,1.0540277202765268e-05,valid,
353wangshengbo,D:\2PlacentaMRcor\353wangshengbo\353wangshengbo_SE_cor.nii.gz,D:\2PlacentaMRcor\353wangshengbo\353wangshengbo_SE_cor_placenta_mask.nii.gz,2.925527796647509e-05,valid,
36liyan,D:\2PlacentaMRcor\36liyan\36liyan_SE_cor.nii.gz,D:\2PlacentaMRcor\36liyan\36liyan_SE_cor_placenta_mask.nii.gz,0.0,valid,
380leiqiuqiang,D:\2PlacentaMRcor\380leiqiuqiang\380leiqiuqiang_SE_cor.nii.gz,D:\2PlacentaMRcor\380leiqiuqiang\380leiqiuqiang_SE_cor_placenta_mask.nii.gz,8.458733919485096e-06,valid,
395qiujuan,D:\2PlacentaMRcor\395qiujuan\395qiujuan_SE_cor.nii.gz,D:\2PlacentaMRcor\395qiujuan\395qiujuan_SE_cor_placenta_mask.nii.gz,1.1690030859989875e-08,valid,
398sunkaiyu,D:\2PlacentaMRcor\398sunkaiyu\398sunkaiyu_SE_cor.nii.gz,D:\2PlacentaMRcor\398sunkaiyu\398sunkaiyu_SE_cor_placenta_mask.nii.gz,2.843526455964529e-09,valid,
430hongya,D:\2PlacentaMRcor\430hongya\430hongya_SE_cor.nii.gz,D:\2PlacentaMRcor\430hongya\430hongya_SE_cor_placenta_mask.nii.gz,3.1347588345980773e-06,valid,
440wangyujiao,D:\2PlacentaMRcor\440wangyujiao\440wangyujiao_SE_cor.nii.gz,D:\2PlacentaMRcor\440wangyujiao\440wangyujiao_SE_cor_placenta_mask.nii.gz,2.9145245044027004e-06,valid,
441pengguiying,D:\2PlacentaMRcor\441pengguiying\441pengguiying_SE_cor.nii.gz,D:\2PlacentaMRcor\441pengguiying\441pengguiying_SE_cor_placenta_mask.nii.gz,5.597434461654174e-07,valid,
442zhuchaoqi,D:\2PlacentaMRcor\442zhuchaoqi\442zhuchaoqi_SE_cor.nii.gz,D:\2PlacentaMRcor\442zhuchaoqi\442zhuchaoqi_SE_cor_placenta_mask.nii.gz,2.8657954342925507e-09,valid,
444sunying,D:\2PlacentaMRcor\444sunying\444sunying_SE_cor.nii.gz,D:\2PlacentaMRcor\444sunying\444sunying_SE_cor_placenta_mask.nii.gz,3.1347588641044115e-06,valid,
455yangxiaoping,D:\2PlacentaMRcor\455yangxiaoping\455yangxiaoping_SE_cor.nii.gz,D:\2PlacentaMRcor\455yangxiaoping\455yangxiaoping_SE_cor_placenta_mask.nii.gz,4.776185486375696e-06,valid,
463xiefangmei,D:\2PlacentaMRcor\463xiefangmei\463xiefangmei_SE_cor.nii.gz,D:\2PlacentaMRcor\463xiefangmei\463xiefangmei_SE_cor_placenta_mask.nii.gz,1.2917583051394236e-05,valid,
469chenzhenling,D:\2PlacentaMRcor\469chenzhenling\469chenzhenling_SE_cor.nii.gz,D:\2PlacentaMRcor\469chenzhenling\469chenzhenling_SE_cor_placenta_mask.nii.gz,7.5530079543841e-06,valid,
473oujiaoyan,D:\2PlacentaMRcor\473oujiaoyan\473oujiaoyan_SE_cor.nii.gz,D:\2PlacentaMRcor\473oujiaoyan\473oujiaoyan_SE_cor_placenta_mask.nii.gz,3.519009217014701e-06,valid,
480yanglijuan,D:\2PlacentaMRcor\480yanglijuan\480yanglijuan_SE_cor.nii.gz,D:\2PlacentaMRcor\480yanglijuan\480yanglijuan_SE_cor_placenta_mask.nii.gz,0.0,valid,
488lilanmei,D:\2PlacentaMRcor\488lilanmei\488lilanmei_SE_cor.nii.gz,D:\2PlacentaMRcor\488lilanmei\488lilanmei_SE_cor_placenta_mask.nii.gz,0.0,valid,
509qinyuedi,D:\2PlacentaMRcor\509qinyuedi\509qinyuedi_SE_cor.nii.gz,D:\2PlacentaMRcor\509qinyuedi\509qinyuedi_SE_cor_placenta_mask.nii.gz,1.4096683209681185e-06,valid,
511chenyanling,D:\2PlacentaMRcor\511chenyanling\511chenyanling_SE_cor.nii.gz,D:\2PlacentaMRcor\511chenyanling\511chenyanling_SE_cor_placenta_mask.nii.gz,1.1707360941803913e-08,valid,
538fuaimin,D:\2PlacentaMRcor\538fuaimin\538fuaimin_SE_cor.nii.gz,D:\2PlacentaMRcor\538fuaimin\538fuaimin_SE_cor_placenta_mask.nii.gz,6.652245104071808e-07,valid,
544huangzhumiao,D:\2PlacentaMRcor\544huangzhumiao\544huangzhumiao_SE_cor.nii.gz,D:\2PlacentaMRcor\544huangzhumiao\544huangzhumiao_SE_cor_placenta_mask.nii.gz,7.725983261486213e-07,valid,
548xiexiyuan,D:\2PlacentaMRcor\548xiexiyuan\548xiexiyuan_SE_cor.nii.gz,D:\2PlacentaMRcor\548xiexiyuan\548xiexiyuan_SE_cor_placenta_mask.nii.gz,7.739058005551414e-09,valid,
584mengqingling,D:\2PlacentaMRcor\584mengqingling\584mengqingling_SE_cor.nii.gz,D:\2PlacentaMRcor\584mengqingling\584mengqingling_SE_cor_placenta_mask.nii.gz,8.64461885130563e-08,valid,
587wangliqiong,D:\2PlacentaMRcor\587wangliqiong\587wangliqiong_SE_cor.nii.gz,D:\2PlacentaMRcor\587wangliqiong\587wangliqiong_SE_cor_placenta_mask.nii.gz,2.1999144275652846e-06,valid,
611zhouhaizhen,D:\2PlacentaMRcor\611zhouhaizhen\611zhouhaizhen_SE_cor.nii.gz,D:\2PlacentaMRcor\611zhouhaizhen\611zhouhaizhen_SE_cor_placenta_mask.nii.gz,5.147200138333474e-09,valid,
612linjia,D:\2PlacentaMRcor\612linjia\612linjia_SE_cor.nii.gz,D:\2PlacentaMRcor\612linjia\612linjia_SE_cor_placenta_mask.nii.gz,8.217688995948436e-08,valid,
627yangxiankun,D:\2PlacentaMRcor\627yangxiankun\627yangxiankun_SE_cor.nii.gz,D:\2PlacentaMRcor\627yangxiankun\627yangxiankun_SE_cor_placenta_mask.nii.gz,2.7786035952180953e-06,valid,
63chenhanmei,D:\2PlacentaMRcor\63chenhanmei\63chenhanmei_SE_cor.nii.gz,D:\2PlacentaMRcor\63chenhanmei\63chenhanmei_SE_cor_placenta_mask.nii.gz,4.320320085504602e-06,valid,
643fumanna,D:\2PlacentaMRcor\643fumanna\643fumanna_SE_cor.nii.gz,D:\2PlacentaMRcor\643fumanna\643fumanna_SE_cor_placenta_mask.nii.gz,2.3356842737687344e-08,valid,
649caitianluan,D:\2PlacentaMRcor\649caitianluan\649caitianluan_SE_cor.nii.gz,D:\2PlacentaMRcor\649caitianluan\649caitianluan_SE_cor_placenta_mask.nii.gz,6.185313867410058e-07,valid,
64wangshixia,D:\2PlacentaMRcor\64wangshixia\64wangshixia_SE_cor.nii.gz,D:\2PlacentaMRcor\64wangshixia\64wangshixia_SE_cor_placenta_mask.nii.gz,0.0,valid,
650chenchunxiu,D:\2PlacentaMRcor\650chenchunxiu\650chenchunxiu_SE_cor.nii.gz,D:\2PlacentaMRcor\650chenchunxiu\650chenchunxiu_SE_cor_placenta_mask.nii.gz,1.1525037535431437e-08,valid,
662liuyan,D:\2PlacentaMRcor\662liuyan\662liuyan_SE_cor.nii.gz,D:\2PlacentaMRcor\662liuyan\662liuyan_SE_cor_placenta_mask.nii.gz,1.217760006722024e-08,valid,
666linzhaoxia,D:\2PlacentaMRcor\666linzhaoxia\666linzhaoxia_SE_cor.nii.gz,D:\2PlacentaMRcor\666linzhaoxia\666linzhaoxia_SE_cor_placenta_mask.nii.gz,1.1717830816770913e-08,valid,
683hejingjing,D:\2PlacentaMRcor\683hejingjing\683hejingjing_SE_cor.nii.gz,D:\2PlacentaMRcor\683hejingjing\683hejingjing_SE_cor_placenta_mask.nii.gz,0.0,valid,
686dengdanping,D:\2PlacentaMRcor\686dengdanping\686dengdanping_SE_cor.nii.gz,D:\2PlacentaMRcor\686dengdanping\686dengdanping_SE_cor_placenta_mask.nii.gz,1.889101949870131e-08,valid,
695wangxiaojun,D:\2PlacentaMRcor\695wangxiaojun\695wangxiaojun_SE_cor.nii.gz,D:\2PlacentaMRcor\695wangxiaojun\695wangxiaojun_SE_cor_placenta_mask.nii.gz,2.8577453768715427e-06,valid,
696hecong,D:\2PlacentaMRcor\696hecong\696hecong_SE_cor.nii.gz,D:\2PlacentaMRcor\696hecong\696hecong_SE_cor_placenta_mask.nii.gz,2.589256154144899e-05,valid,
700zhaozhenli,D:\2PlacentaMRcor\700zhaozhenli\700zhaozhenli_SE_cor.nii.gz,D:\2PlacentaMRcor\700zhaozhenli\700zhaozhenli_SE_cor_placenta_mask.nii.gz,1.5923809146278778e-10,valid,
701zhanglei,D:\2PlacentaMRcor\701zhanglei\701zhanglei_SE_cor.nii.gz,D:\2PlacentaMRcor\701zhanglei\701zhanglei_SE_cor_placenta_mask.nii.gz,2.0635005017269337e-06,valid,
702xiewulian,D:\2PlacentaMRcor\702xiewulian\702xiewulian_SE_cor.nii.gz,D:\2PlacentaMRcor\702xiewulian\702xiewulian_SE_cor_placenta_mask.nii.gz,7.2579431076302825e-09,valid,
707wenroujing,D:\2PlacentaMRcor\707wenroujing\707wenroujing_SE_cor.nii.gz,D:\2PlacentaMRcor\707wenroujing\707wenroujing_SE_cor_placenta_mask.nii.gz,1.6063199359955815e-06,valid,
717pengluping,D:\2PlacentaMRcor\717pengluping\717pengluping_SE_cor.nii.gz,D:\2PlacentaMRcor\717pengluping\717pengluping_SE_cor_placenta_mask.nii.gz,8.652167630521495e-06,valid,
721liuman,D:\2PlacentaMRcor\721liuman\721liuman_SE_cor.nii.gz,D:\2PlacentaMRcor\721liuman\721liuman_SE_cor_placenta_mask.nii.gz,4.4707274352105003e-07,valid,
727tanhuarong,D:\2PlacentaMRcor\727tanhuarong\727tanhuarong_SE_cor.nii.gz,D:\2PlacentaMRcor\727tanhuarong\727tanhuarong_SE_cor_placenta_mask.nii.gz,3.692788574927164e-09,valid,
731fuyuli,D:\2PlacentaMRcor\731fuyuli\731fuyuli_SE_cor.nii.gz,D:\2PlacentaMRcor\731fuyuli\731fuyuli_SE_cor_placenta_mask.nii.gz,2.078073761995619e-06,valid,
735lijuan,D:\2PlacentaMRcor\735lijuan\735lijuan_SE_cor.nii.gz,D:\2PlacentaMRcor\735lijuan\735lijuan_SE_cor_placenta_mask.nii.gz,5.654218709468075e-06,valid,
736liyan,D:\2PlacentaMRcor\736liyan\736liyan_SE_cor.nii.gz,D:\2PlacentaMRcor\736liyan\736liyan_SE_cor_placenta_mask (1).nii.gz,3.417869894124098e-06,valid,
742zhuyanfan,D:\2PlacentaMRcor\742zhuyanfan\742zhuyanfan_SE_cor.nii.gz,D:\2PlacentaMRcor\742zhuyanfan\742zhuyanfan_SE_cor_placenta_mask.nii.gz,1.5712583386721934e-06,valid,
746gonglihua,D:\2PlacentaMRcor\746gonglihua\746gonglihua_SE_cor.nii.gz,D:\2PlacentaMRcor\746gonglihua\746gonglihua_SE_cor_placenta_mask.nii.gz,2.379931269702682e-06,valid,
750tangling,D:\2PlacentaMRcor\750tangling\750tangling_SE_cor.nii.gz,D:\2PlacentaMRcor\750tangling\750tangling_SE_cor_placenta_mask.nii.gz,1.2514193377856407e-05,valid,
766zhuhouling,D:\2PlacentaMRcor\766zhuhouling\766zhuhouling_SE_cor.nii.gz,D:\2PlacentaMRcor\766zhuhouling\766zhuhouling_SE_cor_placenta_mask.nii.gz,8.042260963115038e-06,valid,
769fuhuizhen,D:\2PlacentaMRcor\769fuhuizhen\769fuhuizhen_SE_cor.nii.gz,D:\2PlacentaMRcor\769fuhuizhen\769fuhuizhen_SE_cor_placenta_mask.nii.gz,8.909574918114505e-10,valid,
785wanglimei,D:\2PlacentaMRcor\785wanglimei\785wanglimei_SE_cor.nii.gz,D:\2PlacentaMRcor\785wanglimei\785wanglimei_SE_cor_placenta_mask.nii.gz,3.296367889753238e-06,valid,
795panmingmin,D:\2PlacentaMRcor\795panmingmin\795panmingmin_SE_cor.nii.gz,D:\2PlacentaMRcor\795panmingmin\795panmingmin_SE_cor_placenta_mask.nii.gz,3.622874332868259e-06,valid,
809wuxiaoju,D:\2PlacentaMRcor\809wuxiaoju\809wuxiaoju_SE_cor.nii.gz,D:\2PlacentaMRcor\809wuxiaoju\809wuxiaoju_SE_cor_placenta_mask.nii.gz,2.4428096116621556e-05,valid,
813lidahui,D:\2PlacentaMRcor\813lidahui\813lidahui_SE_cor.nii.gz,D:\2PlacentaMRcor\813lidahui\813lidahui_SE_cor_placenta_mask.nii.gz,4.3727145700375725e-06,valid,
823chenhaiping,D:\2PlacentaMRcor\823chenhaiping\823chenhaiping_SE_cor.nii.gz,D:\2PlacentaMRcor\823chenhaiping\823chenhaiping_SE_cor_placenta_mask.nii.gz,1.1494671492418007e-08,valid,
826libanghua,D:\2PlacentaMRcor\826libanghua\826libanghua_SE_cor.nii.gz,D:\2PlacentaMRcor\826libanghua\826libanghua_SE_cor_placenta_mask.nii.gz,5.518596550638244e-07,valid,
829wangxiangya,D:\2PlacentaMRcor\829wangxiangya\829wangxiangya_SE_cor.nii.gz,D:\2PlacentaMRcor\829wangxiangya\829wangxiangya_SE_cor_placenta_mask.nii.gz,1.5023029603173504e-05,valid,
830caomin,D:\2PlacentaMRcor\830caomin\830caomin_SE_cor.nii.gz,D:\2PlacentaMRcor\830caomin\830caomin_SE_cor_placenta_mask.nii.gz,1.1274802008687246e-08,valid,
837lixiaogang,D:\2PlacentaMRcor\837lixiaogang\837lixiaogang_SE_cor.nii.gz,D:\2PlacentaMRcor\837lixiaogang\837lixiaogang_SE_cor_placenta_mask.nii.gz,2.8577453768715427e-06,valid,
840chenqing,D:\2PlacentaMRcor\840chenqing\840chenqing_SE_cor.nii.gz,D:\2PlacentaMRcor\840chenqing\840chenqing_SE_cor_placenta_mask.nii.gz,2.8570638469817278e-06,valid,
862tangxiaodan,D:\2PlacentaMRcor\862tangxiaodan\862tangxiaodan_SE_cor.nii.gz,D:\2PlacentaMRcor\862tangxiaodan\862tangxiaodan_SE_cor_placenta_mask.nii.gz,2.0034220450798612e-06,valid,
86chenhaofeng,D:\2PlacentaMRcor\86chenhaofeng\86chenhaofeng_SE_cor.nii.gz,D:\2PlacentaMRcor\86chenhaofeng\86chenhaofeng_SE_cor_placenta_mask.nii.gz,0.0,valid,
874zhouyayan,D:\2PlacentaMRcor\874zhouyayan\874zhouyayan_SE_cor.nii.gz,D:\2PlacentaMRcor\874zhouyayan\874zhouyayan_SE_cor_placenta_mask.nii.gz,2.9568804731008175e-06,valid,
880wuzhenjuan,D:\2PlacentaMRcor\880wuzhenjuan\880wuzhenjuan_SE_cor.nii.gz,D:\2PlacentaMRcor\880wuzhenjuan\880wuzhenjuan_SE_cor_placenta_mask.nii.gz,5.147050962418798e-07,valid,
881liaoxianghong,D:\2PlacentaMRcor\881liaoxianghong\881liaoxianghong_SE_cor.nii.gz,D:\2PlacentaMRcor\881liaoxianghong\881liaoxianghong_SE_cor_placenta_mask.nii.gz,1.909012933842824e-08,valid,
97fuxiang,D:\2PlacentaMRcor\97fuxiang\97fuxiang_SE_cor.nii.gz,D:\2PlacentaMRcor\97fuxiang\97fuxiang_SE_cor_placenta_mask.nii.gz,0.0,valid,
boxiaofei,D:\2PlacentaMRcor\boxiaofei\boxiaofei_SE_cor.nii.gz,D:\2PlacentaMRcor\boxiaofei\boxiaofei_SE_cor_placenta_mask.nii.gz,8.087794442415003e-11,valid,
chenxinxin,D:\2PlacentaMRcor\chenxinxin\chenxinxin_SE_cor.nii.gz,D:\2PlacentaMRcor\chenxinxin\chenxinxin_SE_cor_placenta_mask.nii.gz,1.0299138632582916e-05,valid,
chenyayan,D:\2PlacentaMRcor\chenyayan\chenyayan_SE_cor.nii.gz,D:\2PlacentaMRcor\chenyayan\chenyayan_SE_cor_placenta_mask.nii.gz,1.1893946052920264e-05,valid,
chenyuchan,D:\2PlacentaMRcor\chenyuchan\chenyuchan_SE_cor.nii.gz,D:\2PlacentaMRcor\chenyuchan\chenyuchan_SE_cor_placenta_mask.nii.gz,2.0296176145087608e-06,valid,
chenyunmin,D:\2PlacentaMRcor\chenyunmin\chenyunmin_SE_cor.nii.gz,D:\2PlacentaMRcor\chenyunmin\chenyunmin_SE_cor_placenta_mask.nii.gz,0.0,valid,
dengyangxian,D:\2PlacentaMRcor\dengyangxian\dengyangxian_SE_cor.nii.gz,D:\2PlacentaMRcor\dengyangxian\dengyangxian_SE_cor_placenta_mask.nii.gz,6.503900462799528e-06,valid,
dongjingyu,D:\2PlacentaMRcor\dongjingyu\dongjingyu_SE_cor.nii.gz,D:\2PlacentaMRcor\dongjingyu\dongjingyu_SE_cor_placenta_mask.nii.gz,0.0,valid,
dongwenping,D:\2PlacentaMRcor\dongwenping\dongwenping_SE_cor.nii.gz,D:\2PlacentaMRcor\dongwenping\dongwenping_SE_cor_placenta_mask.nii.gz,1.081258737777556e-05,valid,
dongxing,D:\2PlacentaMRcor\dongxing\dongxing_SE_cor.nii.gz,D:\2PlacentaMRcor\dongxing\dongxing_SE_cor_placenta_mask.nii.gz,4.702290889481431e-07,valid,
fengguilai,D:\2PlacentaMRcor\fengguilai\fengguilai_SE_cor.nii.gz,D:\2PlacentaMRcor\fengguilai\fengguilai_SE_cor_placenta_mask.nii.gz,4.106456854374024e-06,valid,
fuchunli,D:\2PlacentaMRcor\fuchunli\fuchunli_SE_cor.nii.gz,D:\2PlacentaMRcor\fuchunli\fuchunli_SE_cor_placenta_mask.nii.gz,8.333360057431044e-06,valid,
fudandan,D:\2PlacentaMRcor\fudandan\fudandan_SE_cor.nii.gz,D:\2PlacentaMRcor\fudandan\fudandan_SE_cor_placenta_mask.nii.gz,2.275964550157994e-08,valid,
fudingling,D:\2PlacentaMRcor\fudingling\fudingling_SE_cor.nii.gz,D:\2PlacentaMRcor\fudingling\fudingling_SE_cor_placenta_mask.nii.gz,2.996221627138418e-06,valid,
fufangnan,D:\2PlacentaMRcor\fufangnan\fufangnan_SE_cor.nii.gz,D:\2PlacentaMRcor\fufangnan\fufangnan_SE_cor_placenta_mask.nii.gz,1.1700123689471764e-05,valid,
fujian,D:\2PlacentaMRcor\fujian\fujian_SE_cor.nii.gz,D:\2PlacentaMRcor\fujian\fujian_SE_cor_placenta_mask.nii.gz,6.827874200679776e-06,valid,
fuminyun,D:\2PlacentaMRcor\fuminyun\fuminyun_SE_cor.nii.gz,D:\2PlacentaMRcor\fuminyun\fuminyun_SE_cor_placenta_mask.nii.gz,5.390473831190512e-09,valid,
fusisi,D:\2PlacentaMRcor\fusisi\fusisi_SE_cor.nii.gz,D:\2PlacentaMRcor\fusisi\fusisi_SE_cor_placenta_mask.nii.gz,2.193724412347109e-06,valid,
fuxieting,D:\2PlacentaMRcor\fuxieting\fuxieting_SE_cor.nii.gz,D:\2PlacentaMRcor\fuxieting\fuxieting_SE_cor_placenta_mask.nii.gz,1.026099970886929e-06,valid,
fuxiuli,D:\2PlacentaMRcor\fuxiuli\fuxiuli_SE_cor.nii.gz,D:\2PlacentaMRcor\fuxiuli\fuxiuli_SE_cor_placenta_mask.nii.gz,3.816667079167314e-06,valid,
fuyonghong,D:\2PlacentaMRcor\fuyonghong\fuyonghong_SE_cor.nii.gz,D:\2PlacentaMRcor\fuyonghong\fuyonghong_SE_cor_placenta_mask.nii.gz,7.381849025329783e-05,valid,
fuzhiyun,D:\2PlacentaMRcor\fuzhiyun\fuzhiyun_SE_cor.nii.gz,D:\2PlacentaMRcor\fuzhiyun\fuzhiyun_SE_cor_placenta_mask.nii.gz,2.9717370990597902e-06,valid,
gaohuiting,D:\2PlacentaMRcor\gaohuiting\gaohuiting_SE_cor.nii.gz,D:\2PlacentaMRcor\gaohuiting\gaohuiting_SE_cor_placenta_mask.nii.gz,2.0828831078624835e-05,valid,
gaoshaoshang,D:\2PlacentaMRcor\gaoshaoshang\gaoshaoshang_SE_cor.nii.gz,D:\2PlacentaMRcor\gaoshaoshang\gaoshaoshang_SE_cor_placenta_mask.nii.gz,7.714754320367265e-07,valid,
gengmengjie,D:\2PlacentaMRcor\gengmengjie\gengmengjie_SE_cor.nii.gz,D:\2PlacentaMRcor\gengmengjie\gengmengjie_SE_cor_placenta_mask.nii.gz,5.2015304702335285e-09,valid,
guanrenshun,D:\2PlacentaMRcor\guanrenshun\guanrenshun_SE_cor.nii.gz,D:\2PlacentaMRcor\guanrenshun\guanrenshun_SE_cor_placenta_mask.nii.gz,1.1523772106246388e-06,valid,
gucongling_20220501,D:\2PlacentaMRcor\gucongling_20220501\gucongling_20220501_SE_cor.nii.gz,D:\2PlacentaMRcor\gucongling_20220501\gucongling_20220501_SE_cor_placenta_mask.nii.gz,5.0331377012338696e-08,valid,
guolin_20211213,D:\2PlacentaMRcor\guolin_20211213\guolin_20211213_SE_cor.nii.gz,D:\2PlacentaMRcor\guolin_20211213\guolin_20211213_SE_cor_placenta_mask.nii.gz,6.2240137727494205e-06,valid,
guoruili_20221126,D:\2PlacentaMRcor\guoruili_20221126\guoruili_20221126_SE_cor.nii.gz,D:\2PlacentaMRcor\guoruili_20221126\guoruili_20221126_SE_cor_placenta_mask.nii.gz,3.6943073628004086e-08,valid,
guoxing_20220809,D:\2PlacentaMRcor\guoxing_20220809\guoxing_20220809_SE_cor.nii.gz,D:\2PlacentaMRcor\guoxing_20220809\guoxing_20220809_SE_cor_placenta_mask.nii.gz,2.48289316537309e-09,valid,
guoyanna_20210831,D:\2PlacentaMRcor\guoyanna_20210831\guoyanna_20210831_SE_cor.nii.gz,D:\2PlacentaMRcor\guoyanna_20210831\guoyanna_20210831_SE_cor_placenta_mask.nii.gz,0.0,valid,
guozhaomei,D:\2PlacentaMRcor\guozhaomei\guozhaomei_SE_cor.nii.gz,D:\2PlacentaMRcor\guozhaomei\guozhaomei_SE_cor_placenta_mask.nii.gz,2.9717370990597902e-06,valid,
hanjingjing_20210728,D:\2PlacentaMRcor\hanjingjing_20210728\hanjingjing_20210728_SE_cor.nii.gz,D:\2PlacentaMRcor\hanjingjing_20210728\hanjingjing_20210728_SE_cor_placenta_mask.nii.gz,5.506882978789651e-08,valid,
hanrui_20221001,D:\2PlacentaMRcor\hanrui_20221001\hanrui_20221001_SE_cor.nii.gz,D:\2PlacentaMRcor\hanrui_20221001\hanrui_20221001_SE_cor_placenta_mask.nii.gz,2.48289316537309e-09,valid,
hanruiyao_20221014,D:\2PlacentaMRcor\hanruiyao_20221014\hanruiyao_20221014_SE_cor.nii.gz,D:\2PlacentaMRcor\hanruiyao_20221014\hanruiyao_20221014_SE_cor_placenta_mask.nii.gz,4.041050162828519e-07,valid,
hejiaojiao_20230728,D:\2PlacentaMRcor\hejiaojiao_20230728\hejiaojiao_20230728_SE_cor.nii.gz,D:\2PlacentaMRcor\hejiaojiao_20230728\hejiaojiao_20230728_SE_cor_placenta_mask.nii.gz,2.4828933596621194e-09,valid,
hejingmei_20230824,D:\2PlacentaMRcor\hejingmei_20230824\hejingmei_20230824_SE_cor.nii.gz,D:\2PlacentaMRcor\hejingmei_20230824\hejingmei_20230824_SE_cor_placenta_mask.nii.gz,9.45429680376808e-09,valid,
houmanman_20231012,D:\2PlacentaMRcor\houmanman_20231012\houmanman_20231012_SE_cor.nii.gz,D:\2PlacentaMRcor\houmanman_20231012\houmanman_20231012_SE_cor_placenta_mask.nii.gz,2.480493394019234e-09,valid,
huangcaixia_20211004,D:\2PlacentaMRcor\huangcaixia_20211004\huangcaixia_20211004_SE_cor.nii.gz,D:\2PlacentaMRcor\huangcaixia_20211004\huangcaixia_20211004_SE_cor_placenta_mask.nii.gz,0.0,valid,
huangchaoying,D:\2PlacentaMRcor\huangchaoying\huangchaoying_SE_cor.nii.gz,D:\2PlacentaMRcor\huangchaoying\huangchaoying_SE_cor_placenta_mask.nii.gz,4.920179824869676e-07,valid,
huangguoyu_20230201,D:\2PlacentaMRcor\huangguoyu_20230201\huangguoyu_20230201_SE_cor.nii.gz,D:\2PlacentaMRcor\huangguoyu_20230201\huangguoyu_20230201_SE_cor_placenta_mask.nii.gz,1.978890823428614e-08,valid,
huanghongjuan_20220127,D:\2PlacentaMRcor\huanghongjuan_20220127\huanghongjuan_20220127_SE_cor.nii.gz,D:\2PlacentaMRcor\huanghongjuan_20220127\huanghongjuan_20220127_SE_cor_placenta_mask.nii.gz,1.3654042382849063e-08,valid,
huangmei,D:\2PlacentaMRcor\huangmei\huangmei_SE_cor.nii.gz,D:\2PlacentaMRcor\huangmei\huangmei_SE_cor_placenta_mask.nii.gz,1.4729861342113737e-07,valid,
huangtingting,D:\2PlacentaMRcor\huangtingting\huangtingting_SE_cor.nii.gz,D:\2PlacentaMRcor\huangtingting\huangtingting_SE_cor_placenta_mask.nii.gz,6.518723269510751e-10,valid,
huangxiuhong,D:\2PlacentaMRcor\huangxiuhong\huangxiuhong_SE_cor.nii.gz,D:\2PlacentaMRcor\huangxiuhong\huangxiuhong_SE_cor_placenta_mask.nii.gz,0.0,valid,
huangyanfang_20230926,D:\2PlacentaMRcor\huangyanfang_20230926\huangyanfang_20230926_SE_cor.nii.gz,D:\2PlacentaMRcor\huangyanfang_20230926\huangyanfang_20230926_SE_cor_placenta_mask.nii.gz,3.6943073628004086e-08,valid,
huangyaping,D:\2PlacentaMRcor\huangyaping\huangyaping_SE_cor.nii.gz,D:\2PlacentaMRcor\huangyaping\huangyaping_SE_cor_placenta_mask.nii.gz,2.9773613085121164e-06,valid,
huangyihua_20210801,D:\2PlacentaMRcor\huangyihua_20210801\huangyihua_20210801_SE_cor.nii.gz,D:\2PlacentaMRcor\huangyihua_20210801\huangyihua_20210801_SE_cor_placenta_mask.nii.gz,0.0,valid,
huangyihua_20210811,D:\2PlacentaMRcor\huangyihua_20210811\huangyihua_20210811_SE_cor.nii.gz,D:\2PlacentaMRcor\huangyihua_20210811\huangyihua_20210811_SE_cor_placenta_mask.nii.gz,0.0,valid,
huangyun,D:\2PlacentaMRcor\huangyun\huangyun_SE_cor.nii.gz,D:\2PlacentaMRcor\huangyun\huangyun_SE_cor_placenta_mask.nii.gz,2.708409067333096e-06,valid,
hufang,D:\2PlacentaMRcor\hufang\hufang_SE_cor.nii.gz,D:\2PlacentaMRcor\hufang\hufang_SE_cor_placenta_mask.nii.gz,5.959473841684465e-07,valid,
hushuaili_20230118,D:\2PlacentaMRcor\hushuaili_20230118\hushuaili_20230118_SE_cor.nii.gz,D:\2PlacentaMRcor\hushuaili_20230118\hushuaili_20230118_SE_cor_placenta_mask.nii.gz,3.568833289780034e-05,valid,
huzhihan_20210810,D:\2PlacentaMRcor\huzhihan_20210810\huzhihan_20210810_SE_cor.nii.gz,D:\2PlacentaMRcor\huzhihan_20210810\huzhihan_20210810_SE_cor_placenta_mask.nii.gz,9.71415525796715e-09,valid,
jiadian_20211006,D:\2PlacentaMRcor\jiadian_20211006\jiadian_20211006_SE_cor.nii.gz,D:\2PlacentaMRcor\jiadian_20211006\jiadian_20211006_SE_cor_placenta_mask.nii.gz,4.043390421832566e-06,valid,
jiahuiran_20230904,D:\2PlacentaMRcor\jiahuiran_20230904\jiahuiran_20230904_SE_cor.nii.gz,D:\2PlacentaMRcor\jiahuiran_20230904\jiahuiran_20230904_SE_cor_placenta_mask.nii.gz,2.4710480661660483e-08,valid,
jiangjuanjuan_20220913,D:\2PlacentaMRcor\jiangjuanjuan_20220913\jiangjuanjuan_20220913_SE_cor.nii.gz,D:\2PlacentaMRcor\jiangjuanjuan_20220913\jiangjuanjuan_20220913_SE_cor_placenta_mask.nii.gz,3.837588119504076e-08,valid,
jiangxinling_20211229,D:\2PlacentaMRcor\jiangxinling_20211229\jiangxinling_20211229_SE_cor.nii.gz,D:\2PlacentaMRcor\jiangxinling_20211229\jiangxinling_20211229_SE_cor_placenta_mask.nii.gz,5.262748634139724e-07,valid,
jiangyazhe_20210929,D:\2PlacentaMRcor\jiangyazhe_20210929\jiangyazhe_20210929_SE_cor.nii.gz,D:\2PlacentaMRcor\jiangyazhe_20210929\jiangyazhe_20210929_SE_cor_placenta_mask.nii.gz,8.89771098661063e-07,valid,
jiangyi,D:\2PlacentaMRcor\jiangyi\jiangyi_SE_cor.nii.gz,D:\2PlacentaMRcor\jiangyi\jiangyi_SE_cor_placenta_mask.nii.gz,3.3424080362960858e-06,valid,
jiaoyake_20221201,D:\2PlacentaMRcor\jiaoyake_20221201\jiaoyake_20221201_SE_cor.nii.gz,D:\2PlacentaMRcor\jiaoyake_20221201\jiaoyake_20221201_SE_cor_placenta_mask.nii.gz,0.0,valid,
jidan,D:\2PlacentaMRcor\jidan\jidan_SE_cor.nii.gz,D:\2PlacentaMRcor\jidan\jidan_SE_cor_placenta_mask.nii.gz,3.7210318574064025e-06,valid,
jijuan,D:\2PlacentaMRcor\jijuan\jijuan_SE_cor.nii.gz,D:\2PlacentaMRcor\jijuan\jijuan_SE_cor_placenta_mask.nii.gz,2.30861629075315e-06,valid,
jinqiaofeng_20231023,D:\2PlacentaMRcor\jinqiaofeng_20231023\jinqiaofeng_20231023_SE_cor.nii.gz,D:\2PlacentaMRcor\jinqiaofeng_20231023\jinqiaofeng_20231023_SE_cor_placenta_mask.nii.gz,3.6943073628004086e-08,valid,
lansumei,D:\2PlacentaMRcor\lansumei\lansumei_SE_cor.nii.gz,D:\2PlacentaMRcor\lansumei\lansumei_SE_cor_placenta_mask.nii.gz,3.220362419734807e-06,valid,
lianggelin,D:\2PlacentaMRcor\lianggelin\lianggelin_SE_cor.nii.gz,D:\2PlacentaMRcor\lianggelin\lianggelin_SE_cor_placenta_mask.nii.gz,1.9396396838643193e-06,valid,
lilingling,D:\2PlacentaMRcor\lilingling\lilingling_SE_cor.nii.gz,D:\2PlacentaMRcor\lilingling\lilingling_SE_cor_placenta_mask.nii.gz,1.448581539653486e-06,valid,
liliyue,D:\2PlacentaMRcor\liliyue\liliyue_SE_cor.nii.gz,D:\2PlacentaMRcor\liliyue\liliyue_SE_cor_placenta_mask.nii.gz,6.686562861873968e-06,valid,
limeiwei,D:\2PlacentaMRcor\limeiwei\limeiwei_SE_cor.nii.gz,D:\2PlacentaMRcor\limeiwei\limeiwei_SE_cor_placenta_mask.nii.gz,4.953776326643844e-09,valid,
linhuiqi,D:\2PlacentaMRcor\linhuiqi\linhuiqi_SE_cor.nii.gz,D:\2PlacentaMRcor\linhuiqi\linhuiqi_SE_cor_placenta_mask.nii.gz,2.9717370990597902e-06,valid,
linyongyue,D:\2PlacentaMRcor\linyongyue\linyongyue_SE_cor.nii.gz,D:\2PlacentaMRcor\linyongyue\linyongyue_SE_cor_placenta_mask.nii.gz,1.2237710763796789e-06,valid,
lipeiling,D:\2PlacentaMRcor\lipeiling\lipeiling_SE_cor.nii.gz,D:\2PlacentaMRcor\lipeiling\lipeiling_SE_cor_placenta_mask.nii.gz,1.714525927493945e-05,valid,
liquanling,D:\2PlacentaMRcor\liquanling\liquanling_SE_cor.nii.gz,D:\2PlacentaMRcor\liquanling\liquanling_SE_cor_placenta_mask.nii.gz,1.3265901657017213e-05,valid,
liuhongyan,D:\2PlacentaMRcor\liuhongyan\liuhongyan_SE_cor.nii.gz,D:\2PlacentaMRcor\liuhongyan\liuhongyan_SE_cor_placenta_mask.nii.gz,1.1795823719632642e-05,valid,
liuyaxin,D:\2PlacentaMRcor\liuyaxin\liuyaxin_SE_cor.nii.gz,D:\2PlacentaMRcor\liuyaxin\liuyaxin_SE_cor_placenta_mask.nii.gz,4.480314763872866e-05,valid,
liyiping,D:\2PlacentaMRcor\liyiping\liyiping_SE_cor.nii.gz,D:\2PlacentaMRcor\liyiping\liyiping_SE_cor_placenta_mask.nii.gz,0.00047134317156536455,valid,
liyiying,D:\2PlacentaMRcor\liyiying\liyiying_SE_cor.nii.gz,D:\2PlacentaMRcor\liyiying\liyiying_SE_cor_placenta_mask.nii.gz,4.995032431944629e-05,valid,
lulige,D:\2PlacentaMRcor\lulige\lulige_SE_cor.nii.gz,D:\2PlacentaMRcor\lulige\lulige_SE_cor_placenta_mask.nii.gz,6.631886864587409e-07,valid,
luokaisan,D:\2PlacentaMRcor\luokaisan\luokaisan_SE_cor.nii.gz,D:\2PlacentaMRcor\luokaisan\luokaisan_SE_cor_placenta_mask.nii.gz,1.1005452253835639e-05,valid,
luoqingqing,D:\2PlacentaMRcor\luoqingqing\luoqingqing_SE_cor.nii.gz,D:\2PlacentaMRcor\luoqingqing\luoqingqing_SE_cor_placenta_mask.nii.gz,2.3048540194864874e-06,valid,
luqionghua,D:\2PlacentaMRcor\luqionghua\luqionghua_SE_cor.nii.gz,D:\2PlacentaMRcor\luqionghua\luqionghua_SE_cor_placenta_mask.nii.gz,2.059219517125399e-08,valid,
luxiaonan,D:\2PlacentaMRcor\luxiaonan\luxiaonan_SE_cor.nii.gz,D:\2PlacentaMRcor\luxiaonan\luxiaonan_SE_cor_placenta_mask.nii.gz,3.710198862303879e-06,valid,
maimeisan,D:\2PlacentaMRcor\maimeisan\maimeisan_SE_cor.nii.gz,D:\2PlacentaMRcor\maimeisan\maimeisan_SE_cor_placenta_mask.nii.gz,2.5531198266648403e-09,valid,
maixiaoling,D:\2PlacentaMRcor\maixiaoling\maixiaoling_SE_cor.nii.gz,D:\2PlacentaMRcor\maixiaoling\maixiaoling_SE_cor_placenta_mask.nii.gz,4.726718365479984e-06,valid,
maxiaoyan,D:\2PlacentaMRcor\maxiaoyan\maxiaoyan_SE_cor.nii.gz,D:\2PlacentaMRcor\maxiaoyan\maxiaoyan_SE_cor_placenta_mask.nii.gz,1.3100138969656576e-05,valid,
niehaowen,D:\2PlacentaMRcor\niehaowen\niehaowen_SE_cor.nii.gz,D:\2PlacentaMRcor\niehaowen\niehaowen_SE_cor_placenta_mask.nii.gz,6.518722835829882e-10,valid,
panhaizhen,D:\2PlacentaMRcor\panhaizhen\panhaizhen_SE_cor.nii.gz,D:\2PlacentaMRcor\panhaizhen\panhaizhen_SE_cor_placenta_mask.nii.gz,5.9444621655635466e-09,valid,
qiaoli,D:\2PlacentaMRcor\qiaoli\qiaoli_SE_cor.nii.gz,D:\2PlacentaMRcor\qiaoli\qiaoli_SE_cor_placenta_mask.nii.gz,6.385939797792783e-10,valid,
shicuihong,D:\2PlacentaMRcor\shicuihong\shicuihong_SE_cor.nii.gz,D:\2PlacentaMRcor\shicuihong\shicuihong_SE_cor_placenta_mask.nii.gz,4.53709606295814e-06,valid,
songzhengxing,D:\2PlacentaMRcor\songzhengxing\songzhengxing_SE_cor.nii.gz,D:\2PlacentaMRcor\songzhengxing\songzhengxing_SE_cor_placenta_mask.nii.gz,1.1684830224015057e-05,valid,
sunlai,D:\2PlacentaMRcor\sunlai\sunlai_SE_cor.nii.gz,D:\2PlacentaMRcor\sunlai\sunlai_SE_cor_placenta_mask.nii.gz,1.3062664751877992e-06,valid,
sunnuan,D:\2PlacentaMRcor\sunnuan\sunnuan_SE_cor.nii.gz,D:\2PlacentaMRcor\sunnuan\sunnuan_SE_cor_placenta_mask.nii.gz,1.574464443988323e-05,valid,
suntingting,D:\2PlacentaMRcor\suntingting\suntingting_SE_cor.nii.gz,D:\2PlacentaMRcor\suntingting\suntingting_SE_cor_placenta_mask.nii.gz,2.9773613085121164e-06,valid,
sunwanniu,D:\2PlacentaMRcor\sunwanniu\sunwanniu_SE_cor.nii.gz,D:\2PlacentaMRcor\sunwanniu\sunwanniu_SE_cor_placenta_mask.nii.gz,1.5862221359810857e-06,valid,
sunwenya,D:\2PlacentaMRcor\sunwenya\sunwenya_SE_cor.nii.gz,D:\2PlacentaMRcor\sunwenya\sunwenya_SE_cor_placenta_mask.nii.gz,7.24018747837174e-07,valid,
sunyaqi,D:\2PlacentaMRcor\sunyaqi\sunyaqi_SE_cor.nii.gz,D:\2PlacentaMRcor\sunyaqi\sunyaqi_SE_cor_placenta_mask.nii.gz,7.104787190366675e-06,valid,
tangzhilan,D:\2PlacentaMRcor\tangzhilan\tangzhilan_SE_cor.nii.gz,D:\2PlacentaMRcor\tangzhilan\tangzhilan_SE_cor_placenta_mask.nii.gz,3.896426125786154e-05,valid,
tianjinxin,D:\2PlacentaMRcor\tianjinxin\tianjinxin_SE_cor.nii.gz,D:\2PlacentaMRcor\tianjinxin\tianjinxin_SE_cor_placenta_mask.nii.gz,9.773765366483111e-09,valid,
yangfangfang_20230830,D:\2PlacentaMRcor\yangfangfang_20230830\yangfangfang_20230830_SE_cor.nii.gz,D:\2PlacentaMRcor\yangfangfang_20230830\yangfangfang_20230830_SE_cor_placenta_mask.nii.gz,2.3834241004438983e-09,valid,
yangjie_20220301,D:\2PlacentaMRcor\yangjie_20220301\yangjie_20220301_SE_cor.nii.gz,D:\2PlacentaMRcor\yangjie_20220301\yangjie_20220301_SE_cor_placenta_mask.nii.gz,1.1918764829255135e-09,valid,
yanglina_20230922,D:\2PlacentaMRcor\yanglina_20230922\yanglina_20230922_SE_cor.nii.gz,D:\2PlacentaMRcor\yanglina_20230922\yanglina_20230922_SE_cor_placenta_mask.nii.gz,1.290378241715004e-07,valid,
yanglisha_20221228,D:\2PlacentaMRcor\yanglisha_20221228\yanglisha_20221228_SE_cor.nii.gz,D:\2PlacentaMRcor\yanglisha_20221228\yanglisha_20221228_SE_cor_placenta_mask.nii.gz,3.8959076159583717e-08,valid,
yangminmin_20220429,D:\2PlacentaMRcor\yangminmin_20220429\yangminmin_20220429_SE_cor.nii.gz,D:\2PlacentaMRcor\yangminmin_20220429\yangminmin_20220429_SE_cor_placenta_mask.nii.gz,6.985648595692062e-08,valid,
yangpuyan_20230210,D:\2PlacentaMRcor\yangpuyan_20230210\yangpuyan_20230210_SE_cor.nii.gz,D:\2PlacentaMRcor\yangpuyan_20230210\yangpuyan_20230210_SE_cor_placenta_mask.nii.gz,1.9160095759973572e-08,valid,
yangqiuhua_20211216,D:\2PlacentaMRcor\yangqiuhua_20211216\yangqiuhua_20211216_SE_cor.nii.gz,D:\2PlacentaMRcor\yangqiuhua_20211216\yangqiuhua_20211216_SE_cor_placenta_mask.nii.gz,0.0004857108117629297,valid,
yangxuemei_20210616,D:\2PlacentaMRcor\yangxuemei_20210616\yangxuemei_20210616_SE_cor.nii.gz,D:\2PlacentaMRcor\yangxuemei_20210616\yangxuemei_20210616_SE_cor_placenta_mask.nii.gz,6.478000224798875e-06,valid,
yangyanpeng_20210813,D:\2PlacentaMRcor\yangyanpeng_20210813\yangyanpeng_20210813_SE_cor.nii.gz,D:\2PlacentaMRcor\yangyanpeng_20210813\yangyanpeng_20210813_SE_cor_placenta_mask.nii.gz,1.9496141590025218e-08,valid,
yanmengwei_20220330,D:\2PlacentaMRcor\yanmengwei_20220330\yanmengwei_20220330_SE_cor.nii.gz,D:\2PlacentaMRcor\yanmengwei_20220330\yanmengwei_20220330_SE_cor_placenta_mask.nii.gz,9.165886864859543e-06,valid,
yanrongna_20220716,D:\2PlacentaMRcor\yanrongna_20220716\yanrongna_20220716_SE_cor.nii.gz,D:\2PlacentaMRcor\yanrongna_20220716\yanrongna_20220716_SE_cor_placenta_mask.nii.gz,2.4828933596621194e-09,valid,
yonghongqiu_20220805,D:\2PlacentaMRcor\yonghongqiu_20220805\yonghongqiu_20220805_SE_cor.nii.gz,D:\2PlacentaMRcor\yonghongqiu_20220805\yonghongqiu_20220805_SE_cor_placenta_mask.nii.gz,8.988490296513163e-08,valid,
yuanzhihua_20220410,D:\2PlacentaMRcor\yuanzhihua_20220410\yuanzhihua_20220410_SE_cor.nii.gz,D:\2PlacentaMRcor\yuanzhihua_20220410\yuanzhihua_20220410_SE_cor_placenta_mask.nii.gz,0.0,valid,
yueyan_20221222,D:\2PlacentaMRcor\yueyan_20221222\yueyan_20221222_SE_cor.nii.gz,D:\2PlacentaMRcor\yueyan_20221222\yueyan_20221222_SE_cor_placenta_mask.nii.gz,3.7898466878627524e-08,valid,
yuxiaofang_20230522,D:\2PlacentaMRcor\yuxiaofang_20230522\yuxiaofang_20230522_SE_cor.nii.gz,D:\2PlacentaMRcor\yuxiaofang_20230522\yuxiaofang_20230522_SE_cor_placenta_mask.nii.gz,5.231321165838354e-08,valid,
yuyanyan_20230301,D:\2PlacentaMRcor\yuyanyan_20230301\yuyanyan_20230301_SE_cor.nii.gz,D:\2PlacentaMRcor\yuyanyan_20230301\yuyanyan_20230301_SE_cor_placenta_mask.nii.gz,4.707351432264861e-08,valid,
zhangchunhua_20220922,D:\2PlacentaMRcor\zhangchunhua_20220922\zhangchunhua_20220922_SE_cor.nii.gz,D:\2PlacentaMRcor\zhangchunhua_20220922\zhangchunhua_20220922_SE_cor_placenta_mask.nii.gz,6.466179773012559e-07,valid,
zhangfengmei_20220315,D:\2PlacentaMRcor\zhangfengmei_20220315\zhangfengmei_20220315_SE_cor.nii.gz,D:\2PlacentaMRcor\zhangfengmei_20220315\zhangfengmei_20220315_SE_cor_placenta_mask.nii.gz,5.571175005497709e-05,valid,
zhanghuaxiao_20221104,D:\2PlacentaMRcor\zhanghuaxiao_20221104\zhanghuaxiao_20221104_SE_cor.nii.gz,D:\2PlacentaMRcor\zhanghuaxiao_20221104\zhanghuaxiao_20221104_SE_cor_placenta_mask.nii.gz,1.907259664091221e-08,valid,
zhangjiejing_20231103,D:\2PlacentaMRcor\zhangjiejing_20231103\zhangjiejing_20231103_SE_cor.nii.gz,D:\2PlacentaMRcor\zhangjiejing_20231103\zhangjiejing_20231103_SE_cor_placenta_mask.nii.gz,8.724445790808666e-08,valid,
zhangjuntuan_20220928,D:\2PlacentaMRcor\zhangjuntuan_20220928\zhangjuntuan_20220928_SE_cor.nii.gz,D:\2PlacentaMRcor\zhangjuntuan_20220928\zhangjuntuan_20220928_SE_cor_placenta_mask.nii.gz,3.943307201603741e-08,valid,
zhangke_20220316,D:\2PlacentaMRcor\zhangke_20220316\zhangke_20220316_SE_cor.nii.gz,D:\2PlacentaMRcor\zhangke_20220316\zhangke_20220316_SE_cor_placenta_mask.nii.gz,2.192802589716396e-11,valid,
zhangke_20220405,D:\2PlacentaMRcor\zhangke_20220405\zhangke_20220405_SE_cor.nii.gz,D:\2PlacentaMRcor\zhangke_20220405\zhangke_20220405_SE_cor_placenta_mask.nii.gz,2.4828933596621194e-09,valid,
zhangli_20210812,D:\2PlacentaMRcor\zhangli_20210812\zhangli_20210812_SE_cor.nii.gz,D:\2PlacentaMRcor\zhangli_20210812\zhangli_20210812_SE_cor_placenta_mask.nii.gz,4.8828885740315187e-08,valid,
zhanglijuan_20220610,D:\2PlacentaMRcor\zhanglijuan_20220610\zhanglijuan_20220610_SE_cor.nii.gz,D:\2PlacentaMRcor\zhanglijuan_20220610\zhanglijuan_20220610_SE_cor_placenta_mask.nii.gz,3.8814643804618854e-08,valid,
zhangna_20230325,D:\2PlacentaMRcor\zhangna_20230325\zhangna_20230325_SE_cor.nii.gz,D:\2PlacentaMRcor\zhangna_20230325\zhangna_20230325_SE_cor_placenta_mask.nii.gz,5.938380073788885e-08,valid,
zhangnana_20211222,D:\2PlacentaMRcor\zhangnana_20211222\zhangnana_20211222_SE_cor.nii.gz,D:\2PlacentaMRcor\zhangnana_20211222\zhangnana_20211222_SE_cor_placenta_mask.nii.gz,8.716393854329985e-07,valid,
zhangpeidan_20221109,D:\2PlacentaMRcor\zhangpeidan_20221109\zhangpeidan_20221109_SE_cor.nii.gz,D:\2PlacentaMRcor\zhangpeidan_20221109\zhangpeidan_20221109_SE_cor_placenta_mask.nii.gz,2.48289316537309e-09,valid,
zhangpeiling_20231114,D:\2PlacentaMRcor\zhangpeiling_20231114\zhangpeiling_20231114_SE_cor.nii.gz,D:\2PlacentaMRcor\zhangpeiling_20231114\zhangpeiling_20231114_SE_cor_placenta_mask.nii.gz,3.609515001889996e-07,valid,
zhangpeipei_20220802,D:\2PlacentaMRcor\zhangpeipei_20220802\zhangpeipei_20220802_SE_cor.nii.gz,D:\2PlacentaMRcor\zhangpeipei_20220802\zhangpeipei_20220802_SE_cor_placenta_mask.nii.gz,2.4828933596621194e-09,valid,
zhangqian_20210706,D:\2PlacentaMRcor\zhangqian_20210706\zhangqian_20210706_SE_cor.nii.gz,D:\2PlacentaMRcor\zhangqian_20210706\zhangqian_20210706_SE_cor_placenta_mask.nii.gz,1.334459440998758e-05,valid,
zhangqian_20210706_2,D:\2PlacentaMRcor\zhangqian_20210706_2\zhangqian_20210706_2_SE_cor.nii.gz,D:\2PlacentaMRcor\zhangqian_20210706_2\zhangqian_20210706_2_SE_cor_placenta_mask.nii.gz,1.334459440998758e-05,valid,
zhangqian_20210718,D:\2PlacentaMRcor\zhangqian_20210718\zhangqian_20210718_SE_cor.nii.gz,D:\2PlacentaMRcor\zhangqian_20210718\zhangqian_20210718_SE_cor_placenta_mask.nii.gz,1.5878107375274023e-05,valid,
zhangqian_20220524,D:\2PlacentaMRcor\zhangqian_20220524\zhangqian_20220524_SE_cor.nii.gz,D:\2PlacentaMRcor\zhangqian_20220524\zhangqian_20220524_SE_cor_placenta_mask.nii.gz,1.112385557127879e-05,valid,
zhangshanshan_20210701,D:\2PlacentaMRcor\zhangshanshan_20210701\zhangshanshan_20210701_SE_cor.nii.gz,D:\2PlacentaMRcor\zhangshanshan_20210701\zhangshanshan_20210701_SE_cor_placenta_mask.nii.gz,0.0,valid,
zhangshuang_20220607,D:\2PlacentaMRcor\zhangshuang_20220607\zhangshuang_20220607_SE_cor.nii.gz,D:\2PlacentaMRcor\zhangshuang_20220607\zhangshuang_20220607_SE_cor_placenta_mask.nii.gz,7.171040554421193e-08,valid,
zhangtengfei_20220408,D:\2PlacentaMRcor\zhangtengfei_20220408\zhangtengfei_20220408_SE_cor.nii.gz,D:\2PlacentaMRcor\zhangtengfei_20220408\zhangtengfei_20220408_SE_cor_placenta_mask.nii.gz,0.0,valid,
zhangxiang_20231108,D:\2PlacentaMRcor\zhangxiang_20231108\zhangxiang_20231108_SE_cor.nii.gz,D:\2PlacentaMRcor\zhangxiang_20231108\zhangxiang_20231108_SE_cor_placenta_mask.nii.gz,3.6943073628004086e-08,valid,
zhangxiaoxiao_20220108,D:\2PlacentaMRcor\zhangxiaoxiao_20220108\zhangxiaoxiao_20220108_SE_cor.nii.gz,D:\2PlacentaMRcor\zhangxiaoxiao_20220108\zhangxiaoxiao_20220108_SE_cor_placenta_mask.nii.gz,4.8616556724834226e-08,valid,
zhangxiurong_20220923,D:\2PlacentaMRcor\zhangxiurong_20220923\zhangxiurong_20220923_SE_cor.nii.gz,D:\2PlacentaMRcor\zhangxiurong_20220923\zhangxiurong_20220923_SE_cor_placenta_mask.nii.gz,3.4980877916535036e-08,valid,
zhangxue_20230725,D:\2PlacentaMRcor\zhangxue_20230725\zhangxue_20230725_SE_cor.nii.gz,D:\2PlacentaMRcor\zhangxue_20230725\zhangxue_20230725_SE_cor_placenta_mask.nii.gz,5.9446331981960476e-08,valid,
zhangyingying_20230221,D:\2PlacentaMRcor\zhangyingying_20230221\zhangyingying_20230221_SE_cor.nii.gz,D:\2PlacentaMRcor\zhangyingying_20230221\zhangyingying_20230221_SE_cor_placenta_mask.nii.gz,2.4828933596621194e-09,valid,
zhaoafang_20220815,D:\2PlacentaMRcor\zhaoafang_20220815\zhaoafang_20220815_SE_cor.nii.gz,D:\2PlacentaMRcor\zhaoafang_20220815\zhaoafang_20220815_SE_cor_placenta_mask.nii.gz,2.4828933596621194e-09,valid,
zhaoerli_20220209,D:\2PlacentaMRcor\zhaoerli_20220209\zhaoerli_20220209_SE_cor.nii.gz,D:\2PlacentaMRcor\zhaoerli_20220209\zhaoerli_20220209_SE_cor_placenta_mask.nii.gz,4.859744248912414e-07,valid,
zhaoeryan_20230216,D:\2PlacentaMRcor\zhaoeryan_20230216\zhaoeryan_20230216_SE_cor.nii.gz,D:\2PlacentaMRcor\zhaoeryan_20230216\zhaoeryan_20230216_SE_cor_placenta_mask.nii.gz,4.4039139273678585e-08,valid,
zhaoguangjie_20220130,D:\2PlacentaMRcor\zhaoguangjie_20220130\zhaoguangjie_20220130_SE_cor.nii.gz,D:\2PlacentaMRcor\zhaoguangjie_20220130\zhaoguangjie_20220130_SE_cor_placenta_mask.nii.gz,0.0,valid,
zhaokeying_20220512,D:\2PlacentaMRcor\zhaokeying_20220512\zhaokeying_20220512_SE_cor.nii.gz,D:\2PlacentaMRcor\zhaokeying_20220512\zhaokeying_20220512_SE_cor_placenta_mask.nii.gz,3.7547303100016194e-08,valid,
zhaolin_20220419,D:\2PlacentaMRcor\zhaolin_20220419\zhaolin_20220419_SE_cor.nii.gz,D:\2PlacentaMRcor\zhaolin_20220419\zhaolin_20220419_SE_cor_placenta_mask.nii.gz,2.12843594773679e-06,valid,
zhaoying_20230114,D:\2PlacentaMRcor\zhaoying_20230114\zhaoying_20230114_SE_cor.nii.gz,D:\2PlacentaMRcor\zhaoying_20230114\zhaoying_20230114_SE_cor_placenta_mask.nii.gz,9.381691756793487e-09,valid,
zhaoyuan_20220222,D:\2PlacentaMRcor\zhaoyuan_20220222\zhaoyuan_20220222_SE_cor.nii.gz,D:\2PlacentaMRcor\zhaoyuan_20220222\zhaoyuan_20220222_SE_cor_placenta_mask.nii.gz,1.0769882080874371e-05,valid,
zhengjihua_20210727,D:\2PlacentaMRcor\zhengjihua_20210727\zhengjihua_20210727_SE_cor.nii.gz,D:\2PlacentaMRcor\zhengjihua_20210727\zhengjihua_20210727_SE_cor_placenta_mask.nii.gz,0.0,valid,
zhengjinhuan_20211114,D:\2PlacentaMRcor\zhengjinhuan_20211114\zhengjinhuan_20211114_SE_cor.nii.gz,D:\2PlacentaMRcor\zhengjinhuan_20211114\zhengjinhuan_20211114_SE_cor_placenta_mask.nii.gz,5.7307344150728246e-06,valid,
zhenglili_20231124,D:\2PlacentaMRcor\zhenglili_20231124\zhenglili_20231124_SE_cor.nii.gz,D:\2PlacentaMRcor\zhenglili_20231124\zhenglili_20231124_SE_cor_placenta_mask.nii.gz,4.394247819783499e-07,valid,
zhongweina_20211102,D:\2PlacentaMRcor\zhongweina_20211102\zhongweina_20211102_SE_cor.nii.gz,D:\2PlacentaMRcor\zhongweina_20211102\zhongweina_20211102_SE_cor_placenta_mask.nii.gz,1.595800408678641e-06,valid,
zhoucaiying_20231204,D:\2PlacentaMRcor\zhoucaiying_20231204\zhoucaiying_20231204_SE_cor.nii.gz,D:\2PlacentaMRcor\zhoucaiying_20231204\zhoucaiying_20231204_SE_cor_placenta_mask.nii.gz,1.2544929563901297e-08,valid,
zhoumiaojie_20220216,D:\2PlacentaMRcor\zhoumiaojie_20220216\zhoumiaojie_20220216_SE_cor.nii.gz,D:\2PlacentaMRcor\zhoumiaojie_20220216\zhoumiaojie_20220216_SE_cor_placenta_mask.nii.gz,5.1115053153125145e-06,valid,
zhouqing_20230126,D:\2PlacentaMRcor\zhouqing_20230126\zhouqing_20230126_SE_cor.nii.gz,D:\2PlacentaMRcor\zhouqing_20230126\zhouqing_20230126_SE_cor_placenta_mask.nii.gz,2.48289316537309e-09,valid,
zhouyaqian_20221116,D:\2PlacentaMRcor\zhouyaqian_20221116\zhouyaqian_20221116_SE_cor.nii.gz,D:\2PlacentaMRcor\zhouyaqian_20221116\zhouyaqian_20221116_SE_cor_placenta_mask.nii.gz,2.4828933596621194e-09,valid,
zhuchaonan_20210727,D:\2PlacentaMRcor\zhuchaonan_20210727\zhuchaonan_20210727_SE_cor.nii.gz,D:\2PlacentaMRcor\zhuchaonan_20210727\zhuchaonan_20210727_SE_cor_placenta_mask.nii.gz,6.469601439863457e-06,valid,
zhuqiujun_20230521,D:\2PlacentaMRcor\zhuqiujun_20230521\zhuqiujun_20230521_SE_cor.nii.gz,D:\2PlacentaMRcor\zhuqiujun_20230521\zhuqiujun_20230521_SE_cor_placenta_mask.nii.gz,3.6943073628004086e-08,valid,
